<?xml version="1.0"?>
<doc>
    <assembly>
        <name>Forguncy.Commands</name>
    </assembly>
    <members>
        <member name="T:GrapeCity.Forguncy.Commands.CommandScope">
            <summary>
            <cn>
            活字格打开编辑命令窗口时会根据使用范围的不同显示不同的命令集合，该Flags枚举列出了以下几种范围。
            </cn>
            <ja>
            [コマンド]ダイアログを開くと、使用範囲に応じて異なる種類のコマンドが表示されます。Flag列挙値には、次の範囲が一覧表示されます。
            </ja>
            </summary>
            <example>
            <code lang="CS">
            public class DeleteRecordCommand : Command
            {
                public override CommandScope GetCommandScope()
                {
                    return CommandScope.ListView;
                }
            }
            </code>
            </example>
        </member>
        <member name="F:GrapeCity.Forguncy.Commands.CommandScope.Cell">
            <summary>
            <cn>
            普通单元格中。
            </cn>
            <ja>
            通常セル
            </ja>
            </summary>
        </member>
        <member name="F:GrapeCity.Forguncy.Commands.CommandScope.ListView">
            <summary>
            <cn>
            表格中的单元格中。
            </cn>
            <ja>
            リストビュー内のセル
            </ja>
            </summary>
        </member>
        <member name="F:GrapeCity.Forguncy.Commands.CommandScope.PageLoad">
            <summary>
            <cn>
            页面加载中。
            </cn>
            <ja>
            ページロード時
            </ja>
            </summary>
        </member>
        <member name="F:GrapeCity.Forguncy.Commands.CommandScope.Workflow">
            <summary>
            <cn>
            工作流中。
            </cn>
            <ja>
            ワークフロー内
            </ja>
            </summary>
        </member>
        <member name="F:GrapeCity.Forguncy.Commands.CommandScope.Notification">
            <summary>
            <cn>
            通知用命令。
            </cn>
            <ja>
            ワークフローの通知
            </ja>
            </summary>
        </member>
        <member name="F:GrapeCity.Forguncy.Commands.CommandScope.ShareCommand">
            <summary>
            <cn>
            模板命令
            </cn>
            <ja>
            再利用コマンド
            </ja>
            </summary>
        </member>
        <member name="F:GrapeCity.Forguncy.Commands.CommandScope.ServerSide">
            <summary>
            <cn>
            服务器命令
            </cn>
            <ja>
            サーバーサイドコマンド
            </ja>
            </summary>
        </member>
        <member name="F:GrapeCity.Forguncy.Commands.CommandScope.TaskSchedule">
            <summary>
            <cn>
            计划任务
            </cn>
            <ja>
            タスクスケジュール
            </ja>
            </summary>
        </member>
        <member name="F:GrapeCity.Forguncy.Commands.CommandScope.ValueChangedCommandInListview">
            <summary>
            <cn>
            表格中的值变更命令
            </cn>
            <ja>
            タスクスケジュール
            </ja>
            </summary>
        </member>
        <member name="F:GrapeCity.Forguncy.Commands.CommandScope.ExecutableInServer">
            <summary>
            <cn>
            可以在服务端执行的命令
            </cn>
            <ja>
            サーバーサイドで事項可能なコマンド
            </ja>
            </summary>
        </member>
        <member name="F:GrapeCity.Forguncy.Commands.CommandScope.All">
            <summary>
            <cn>
            所有集合。
            </cn>
            <ja>
            すべて
            </ja>
            </summary>
        </member>
        <member name="F:GrapeCity.Forguncy.Commands.CommandScope.NoneNotification">
            <summary>
            <cn>
            非通知类。
            </cn>
            <ja>
            通知以外
            </ja>
            </summary>
        </member>
        <member name="F:GrapeCity.Forguncy.Commands.CommandScope.ClientSide">
            <summary>
            客户端命令
            </summary>
        </member>
        <member name="T:GrapeCity.Forguncy.Commands.ICommandCellInfo">
            <summary>
            <cn>
            命令单元格信息。详情参照<seealso cref="T:GrapeCity.Forguncy.Plugin.ICellInfoBase"/>。
            </cn>
            <ja>
            コマンドセル情報。 詳細については、<seealso cref="T:GrapeCity.Forguncy.Plugin.ICellInfoBase"/>を参照してください。
            </ja>
            </summary>
        </member>
        <member name="P:GrapeCity.Forguncy.Commands.ICommandCellInfo.Text">
            <summary>
            <cn>
            单元格的文本。
            </cn>
            <ja>
            セルの表示テキスト。
            </ja>
            </summary>
        </member>
        <member name="P:GrapeCity.Forguncy.Commands.ICommandCellInfo.Value">
            <summary>
            <cn>
            单元格的值。
            </cn>
            <ja>
            セルの値。
            </ja>
            </summary>
        </member>
        <member name="T:GrapeCity.Forguncy.Commands.ICommandExecutableInServerSide">
            <summary>
            <para><cn>具有可独立执行能力的命令需要实现这个接口。</cn><ja>サーバーコマンドとして実行可能なコマンドは、このインタフェースを実装する必要があります。</ja></para>
            <para><cn>用于在服务器端直接执行命令，不需要从页面端传递上下文即可执行的命令。</cn><ja>ページ側からコンテキストを渡さずに、サーバ側で直接コマンドを実行するために使用します。</ja></para>
            </summary>
            <example>
            <code lang="CS">
            public class <cn>SendWeChatMessage</cn><ja>TeamsWebHookCommand</ja> : Command, ICommandExecutableInServerSide
            {
                public <cn>object</cn><ja>string</ja> <cn>UserId</cn><ja>URL</ja> { get; set; }
                
                public object <cn>PartyId</cn><ja>Title</ja> { get; set; }
            
                public object <cn>Content</cn><ja>Text</ja> { get; set; }
                
                public string Execute(IServerCommandExecuteContext dataContext)
                {
                    var api = new <cn>WeChat</cn><ja>TeamsWebHookCommandApi</ja>();
                    <cn>return api.SendMessage(UserId?.ToString(), PartyId?.ToString(), dataContext.ReplaceKeyWord(Content?.ToString()));</cn>
                    <ja>return api.SendMessageToTeamsAsync(new MessageParam() { URL = this.URL, Title = dataContext.EvaluateFormula(Title)?.ToString(), Text = dataContext.EvaluateFormula(Text)?.ToString(), });</ja>
                }
            }
            </code>
            </example>
        </member>
        <member name="M:GrapeCity.Forguncy.Commands.ICommandExecutableInServerSide.Execute(GrapeCity.Forguncy.Commands.IServerCommandExecuteContext)">
            <summary>
            <cn>
            命令执行方法。
            </cn>
            <ja>
            コマンド実行方法
            </ja>
            </summary>
            <param name="dataContext"><cn>从服务器端传递给命令执行时的上下文信息。</cn><ja>サーバーからコマンドの実行に渡されたコンテキスト情報。</ja></param>
            <returns><cn>是否执行成功。</cn><ja>実行が成功したかどうかを返します。</ja></returns>
        </member>
        <member name="T:GrapeCity.Forguncy.Commands.ICommandExecutableInServerSideAsync">
            <summary>
            <para><cn>具有可独立执行能力的命令需要实现这个接口。</cn><ja>サーバーコマンドとして非同期実行可能なコマンドは、このインタフェースを実装する必要があります。</ja></para>
            <para><cn>用于在服务器端直接执行命令，不需要从页面端传递上下文即可执行的命令。</cn><ja>ページ側からコンテキストを渡さずに、サーバ側で直接コマンドを実行するために使用します。</ja></para>
            </summary>
            <example>
            <code lang="CS">
            public class <cn>SendWeChatMessage</cn><ja>TeamsWebHookCommand</ja> : Command, ICommandExecutableInServerSideAsync
            {
                public <cn>object</cn><ja>string</ja> <cn>UserId</cn><ja>URL</ja> { get; set; }
                
                public object <cn>PartyId</cn><ja>Title</ja> { get; set; }
            
                public object <cn>Content</cn><ja>Text</ja> { get; set; }
                
                public async Task&lt;string&gt; Execute(IServerCommandExecuteContext context)
                {
                    await context.Context.WriteAsync("Hello");
                    return new ExecuteResult(){ AllowWriteResultToResponse = false };// success
                }
            }
            </code>
            </example>
        </member>
        <member name="M:GrapeCity.Forguncy.Commands.ICommandExecutableInServerSideAsync.ExecuteAsync(GrapeCity.Forguncy.Commands.IServerCommandExecuteContext)">
            <summary>
            <cn>
            命令执行方法。
            </cn>
            <ja>
            コマンド実行方法
            </ja>
            </summary>
            <param name="dataContext"><cn>从服务器端传递给命令执行时的上下文信息。</cn><ja>サーバーからコマンドの実行に渡されたコンテキスト情報。</ja></param>
            <returns><cn>是否执行成功。</cn><ja>実行が成功したかどうかを返します。</ja></returns>
        </member>
        <member name="T:GrapeCity.Forguncy.Commands.IServerCommandParamGenerator">
            <summary>
            实现此接口可以在命令的后续命令中提示返回值变量
            </summary>
            <remarks>
            如果希望生成复杂的对象类型返回结果，或者生成数组类型的返回结果，并且再后续的命令中可以选择返回值的子属性，可以通过 IServerCommandParamGenerator 实现。
            普通命令和服务端命令都可以通过实现 IServerCommandParamGenerator 接口
            </remarks>
        </member>
        <member name="M:GrapeCity.Forguncy.Commands.IServerCommandParamGenerator.GetGenerateParams">
            <summary>
            获取此命令之后命令的返回值变量
            </summary>
            <returns>
            命令之后命令的返回值变量
            </returns>
        </member>
        <member name="T:GrapeCity.Forguncy.Commands.GenerateParam">
            <summary>
            返回值类型基类
            </summary>
        </member>
        <member name="P:GrapeCity.Forguncy.Commands.GenerateParam.ParamName">
            <summary>
            变量名称
            </summary>
        </member>
        <member name="P:GrapeCity.Forguncy.Commands.GenerateParam.ParamScope">
            <summary>
            变量范围
            </summary>
            <remarks>
            默认范围为 ExecutableInServer， 只有服务端命令和计划任务可见。
            </remarks>
        </member>
        <member name="P:GrapeCity.Forguncy.Commands.GenerateParam.Description">
            <summary>
            变量描述
            </summary>
        </member>
        <member name="T:GrapeCity.Forguncy.Commands.GenerateNormalParam">
            <summary>
            简单类型返回值
            </summary>
        </member>
        <member name="T:GrapeCity.Forguncy.Commands.GenerateListParam">
            <summary>
            数组类型返回值
            </summary>
        </member>
        <member name="P:GrapeCity.Forguncy.Commands.GenerateListParam.ItemProperties">
            <summary>
            列表中的每一项的属性列表
            </summary>
        </member>
        <member name="P:GrapeCity.Forguncy.Commands.GenerateListParam.ItemPropertiesDescription">
            <summary>
             列表中的每一项的属性列表及其描述
            </summary>
        </member>
        <member name="M:GrapeCity.Forguncy.Commands.GenerateListParam.GetCombinedSubProperties">
            <summary>
            
            </summary>
        </member>
        <member name="T:GrapeCity.Forguncy.Commands.GenerateObjectParam">
            <summary>
            对象类型返回值
            </summary>
        </member>
        <member name="P:GrapeCity.Forguncy.Commands.GenerateObjectParam.SubProperties">
            <summary>
            对象的子属性列表
            </summary>
        </member>
        <member name="P:GrapeCity.Forguncy.Commands.GenerateObjectParam.SubPropertiesDescription">
            <summary>
             对象的子属性列表及其描述
            </summary>
        </member>
        <member name="M:GrapeCity.Forguncy.Commands.GenerateObjectParam.GetCombinedSubProperties">
            <summary>
            
            </summary>
        </member>
        <member name="T:GrapeCity.Forguncy.Commands.ExecuteResult">
            <summary>
            <cn>
            命令的执行结果。
            </cn>
            <ja>
            コマンドの実行結果。
            </ja>
            </summary>
        </member>
        <member name="P:GrapeCity.Forguncy.Commands.ExecuteResult.ErrCode">
            <summary>
            <cn>
            返回码。
            </cn>
            <ja>
            リターンコード
            </ja>
            </summary>
        </member>
        <member name="P:GrapeCity.Forguncy.Commands.ExecuteResult.Message">
            <summary>
            <cn>
            返回信息。
            </cn>
            <ja>
            リターンメッセージ
            </ja>
            </summary>
        </member>
        <member name="P:GrapeCity.Forguncy.Commands.ExecuteResult.ProcessControl">
            <summary>
            <cn>
            执行该命令后的流程控制信息。
            </cn>
            <ja>
            本コマンド実行後の処理制御情報
            </ja>
            </summary>
        </member>
        <member name="P:GrapeCity.Forguncy.Commands.ExecuteResult.AllowWriteResultToResponse">
            <summary>
            <cn>
            是否允许将命令执行结果写入响应信息。
            </cn>
            <ja>
            コマンド実行結果をレスポンス情報に書き込むことを許可するかどうかを表します。
            </ja>
            </summary>
        </member>
        <member name="P:GrapeCity.Forguncy.Commands.ExecuteResult.Log">
            <summary>
            <cn>
            服务端命令的执行日志。
            </cn>
            <ja>
            サーバサイドコマンドの実行ログ
            </ja>
            </summary>
        </member>
        <member name="P:GrapeCity.Forguncy.Commands.ExecuteResult.ReturnValues">
            <summary>
            <cn>
            服务端命令的自定义返回值
            </cn>
            <ja>
            Customized return values
            </ja>
            </summary>
        </member>
        <member name="T:GrapeCity.Forguncy.Commands.ProcessControl">
            <summary>
            <cn>
            流程控制信息。
            </cn>
            <ja>
            プロセス制御情報
            </ja>
            </summary>
        </member>
        <member name="F:GrapeCity.Forguncy.Commands.ProcessControl.Continue">
            <summary>
            <cn>
            继续执行。
            </cn>
            <ja>
            実行を続行します。
            </ja>
            </summary>
        </member>
        <member name="F:GrapeCity.Forguncy.Commands.ProcessControl.BreakLoopAndContinue">
            <summary>
            <cn>
            跳过当前循环并继续执行。
            </cn>
            <ja>
            現在のループをスキップして実行を継続します。
            </ja>
            </summary>
        </member>
        <member name="F:GrapeCity.Forguncy.Commands.ProcessControl.ContinueLoop">
            <summary>
            <cn> 
            跳过当前循环进入下一次循环。
            </cn>
            <ja>
            Skip current loop and goto next loop.
            </ja>
            </summary>
        </member>
        <member name="F:GrapeCity.Forguncy.Commands.ProcessControl.Return">
            <summary>
            <cn>
            返回。
            </cn>
            <ja>
            リターン
            </ja>
            </summary>
        </member>
        <member name="T:GrapeCity.Forguncy.Commands.IServerCommandExecuteContext">
            <summary>
            <cn>
            当在服务器端执行实现了ICommandExecutableInServerSide接口的命令时，从服务器端传递的上下文信息。
            </cn>
            <ja>
            ICommandExecutableInServerSideインターフェイスを実装するコマンドがサーバー側で実行された際に、サーバー側から渡されるコンテキスト情報
            </ja>
            </summary>
        </member>
        <member name="P:GrapeCity.Forguncy.Commands.IServerCommandExecuteContext.DataAccess">
            <summary>
            <cn>
            用于操作数据库的上下文信息。
            </cn>
            <ja>
            データベースを操作するために使用されるコンテキスト情報
            </ja>
            </summary>
        </member>
        <member name="P:GrapeCity.Forguncy.Commands.IServerCommandExecuteContext.Context">
            <summary>
            <cn>
            返回IOwinContext类的实例。
            </cn>
            <ja>
            IOwinContext クラスのインスタンスを返します。
            </ja>
            </summary>
        </member>
        <member name="P:GrapeCity.Forguncy.Commands.IServerCommandExecuteContext.ExportHelper">
            <summary>
            <cn>
            用于导出页面的上下文信息。
            </cn>
            <ja>
            ページのコンテキスト情報をエクスポートするために使用されます。
            </ja>
            </summary>
        </member>
        <member name="M:GrapeCity.Forguncy.Commands.IServerCommandExecuteContext.SendMail(System.String,System.Collections.Generic.List{System.String},System.String,System.String)">
            <summary>
            <cn>
            调用该方法可以异步发送邮件。
            </cn>
            <ja>
            このメソッドを呼び出して、メールを非同期で送信します。
            </ja>
            </summary>
            <param name="fromAddress"><cn>发送人邮件地址（可以使用用户名）</cn><ja>送信者の電子メールアドレス（ユーザー名も使用可能）</ja></param>
            <param name="toList"><cn>收件人列表（可以使用用户名）</cn><ja>受信者リスト（ユーザー名も使用可能）</ja></param>
            <param name="title"><cn>标题</cn><ja>件名</ja></param>
            <param name="content"><cn>邮件正文</cn><ja>本文</ja></param>
            <returns><cn>如果有非空返回值表示邮件发送失败</cn><ja>null以外の戻り値の場合、エラーメッセージを返します。</ja></returns>
        </member>
        <member name="M:GrapeCity.Forguncy.Commands.IServerCommandExecuteContext.SendMailAsync(GrapeCity.Forguncy.ServerApi.FgcMailMessage)">
            <summary>
            
            </summary>
            <param name="message"></param>
            <returns></returns>
        </member>
        <member name="M:GrapeCity.Forguncy.Commands.IServerCommandExecuteContext.GetCurrentEmailSettingAsync">
            <summary>
            <cn>
            返回当前服务器的邮件设置。
            </cn>
            <ja>
            現在のサーバーのメール設定を返します。
            </ja>
            </summary>
            <returns><cn>返回当前服务器的邮件设置。</cn><ja>現在のサーバーのメール設定を返します。</ja></returns>
        </member>
        <member name="M:GrapeCity.Forguncy.Commands.IServerCommandExecuteContext.ReplaceKeyWord(System.String)">
            <summary>
            <cn>
            更换邮件中相关属性关键字的工具方法，返回更换过关键字后的字符串。
            </cn>
            <ja>
            メール本文で使用するキーワードを指定し、そのキーワードの置換後の文字列を返すメソッド
            </ja>
            </summary>
            <param name="value"><cn>原始字符串。</cn><ja>元のキーワード文字列</ja></param>
            <returns><cn>返回更换过关键字后的字符串。</cn><ja>キーワードが置換された後の文字列を返します。</ja></returns>
        </member>
        <member name="M:GrapeCity.Forguncy.Commands.IServerCommandExecuteContext.ReplaceKeyWordAsync(System.String)">
            <summary>
            <cn>
            更换邮件中相关属性关键字的工具方法，返回更换过关键字后的字符串。
            </cn>
            <ja>
            メール本文で使用するキーワードを指定し、そのキーワードの置換後の文字列を返すメソッド
            </ja>
            </summary>
            <param name="value"><cn>原始字符串。</cn><ja>元のキーワード文字列</ja></param>
            <returns><cn>返回更换过关键字后的字符串。</cn><ja>キーワードが置換された後の文字列を返します。</ja></returns>
        </member>
        <member name="M:GrapeCity.Forguncy.Commands.IServerCommandExecuteContext.EvaluateFormula(System.Object)">
            <summary>
            <cn>
            计算公式的工具方法，返回公式的计算结果。
            </cn>
            <ja>
            数式を計算し、数式の計算結果を返すツールメソッド。
            </ja>
            </summary>
            <param name="value"><cn>原始公式字符串。</cn><ja>元の数式文字列</ja></param>
            <returns><cn>公式的计算结果。</cn><ja>数式の計算結果</ja></returns>
        </member>
        <member name="M:GrapeCity.Forguncy.Commands.IServerCommandExecuteContext.EvaluateFormulaAsync(System.Object)">
            <summary>
            <cn>
            计算公式的工具方法，返回公式的计算结果。
            </cn>
            <ja>
            数式を計算し、数式の計算結果を返すツールメソッド。
            </ja>
            </summary>
            <param name="value"><cn>原始公式字符串。</cn><ja>元の数式文字列</ja></param>
            <returns><cn>公式的计算结果。</cn><ja>数式の計算結果</ja></returns>
        </member>
        <member name="M:GrapeCity.Forguncy.Commands.IServerCommandExecuteContext.EvaluateFormulaInContentAsync(System.Object,System.Collections.Generic.Dictionary{System.String,System.Object})">
            <summary>
            <cn>
            计算字符串中的公式，如 aaa,[=参数1],bbb 假设‘参数1’的值为ccc则计算结果为 aaa,ccc,bbb
            </cn>
            </summary>
            <param name="value"><cn>原始公式字符串。</cn><ja>元の数式文字列</ja></param>
            <param name="formulaValues"><cn>用于缓存公式计算结果。</cn><ja></ja></param>
            <returns><cn>公式的计算结果。</cn><ja>数式の計算結果</ja></returns>
        </member>
        <member name="M:GrapeCity.Forguncy.Commands.IServerCommandExecuteContext.EvaluateQueryConditionValueFormula(System.Object)">
            <summary>
            <cn>
            计算查询条件的工具方法，返回查询条件的计算结果。
            </cn>
            <ja>
            クエリー条件を計算するツールメソッドで、クエリー条件の計算結果を返します。
            </ja>
            </summary>
            <param name="queryCondition"><cn>原始查询条件。</cn><ja>元のクエリー条件</ja></param>
            <returns><cn>查询条件的计算结果。</cn><ja>クエリ条件ーの計算結果</ja></returns>
        </member>
        <member name="M:GrapeCity.Forguncy.Commands.IServerCommandExecuteContext.EvaluateQueryConditionValueFormulaAsync(System.Object)">
            <summary>
            <cn>
            计算查询条件的工具方法，返回查询条件的计算结果。
            </cn>
            <ja>
            クエリー条件を計算するツールメソッドで、クエリー条件の計算結果を返します。
            </ja>
            </summary>
            <param name="queryCondition"><cn>原始查询条件。</cn><ja>元のクエリー条件</ja></param>
            <returns><cn>查询条件的计算结果。</cn><ja>クエリ条件ーの計算結果</ja></returns>
        </member>
        <member name="M:GrapeCity.Forguncy.Commands.IServerCommandExecuteContext.EvaluateQueryConditionValueFormulaAsync(System.Object,GrapeCity.Forguncy.Plugin.NullFormulaValueQueryPolicy)">
            <summary>
            <cn>
            计算查询条件的工具方法，返回查询条件的计算结果。
            </cn>
            <ja>
            クエリー条件を計算するツールメソッドで、クエリー条件の計算結果を返します。
            </ja>
            </summary>
            <param name="queryCondition"><cn>原始查询条件。</cn><ja>元のクエリー条件</ja></param>
            <param name="nullFormulaValueQueryPolicy"><cn>公式计算值为空时查询策略。</cn><ja>Query policy when formula value is empty.</ja></param>
            <returns><cn>查询条件的计算结果。</cn><ja>クエリ条件ーの計算結果</ja></returns>
        </member>
        <member name="P:GrapeCity.Forguncy.Commands.IServerCommandExecuteContext.Parameters">
            <summary>
            <cn>
            当前上下文中可用参数。
            </cn>
            <ja>
            現在のコンテキストで使用可能なパラメーター
            </ja>
            </summary>
        </member>
        <member name="M:GrapeCity.Forguncy.Commands.IServerCommandExecuteContext.ExecuteCommands(System.Collections.Generic.List{GrapeCity.Forguncy.Commands.Command})">
            <summary>
            <cn>
            执行命令列表并返回执行结果。
            </cn>
            <ja>
            コマンドの一覧を実行し、実行結果を返します。
            </ja>
            </summary>
            <param name="commands"><cn>待执行命令列表。</cn><ja>実行するコマンドの一覧</ja></param>
            <returns><cn>命令执行结果。</cn><ja>コマンドの実行結果。</ja></returns>
        </member>
        <member name="M:GrapeCity.Forguncy.Commands.IServerCommandExecuteContext.ExecuteCommandsAsync(System.Collections.Generic.List{GrapeCity.Forguncy.Commands.Command})">
            <summary>
            <cn>
            执行命令列表并返回执行结果。
            </cn>
            <ja>
            コマンドの一覧を実行し、実行結果を返します。
            </ja>
            </summary>
            <param name="commands"><cn>待执行命令列表。</cn><ja>実行するコマンドの一覧</ja></param>
            <returns><cn>命令执行结果。</cn><ja>コマンドの実行結果。</ja></returns>
        </member>
        <member name="M:GrapeCity.Forguncy.Commands.IServerCommandExecuteContext.ExecuteCustomCommandObjectAsync(System.Object,System.Collections.Generic.Dictionary{System.String,System.Object},System.String)">
            <summary>
             执行自定义命令对象列表。
            </summary>
            <param name="command">命令。</param>
            <param name="initParams">上下文参数值。</param>
            <param name="commandLogDisplayName">执行日志中显示的命令名称。</param>
            <returns>命令执行结果。</returns>
        </member>
        <member name="M:GrapeCity.Forguncy.Commands.IServerCommandExecuteContext.ExecuteServerCommands(System.String,GrapeCity.Forguncy.Commands.IServerCommandExecuteContext)">
            <summary>
            <cn>
            执行服务端命令列表并返回执行结果。
            </cn>
            <ja>
            サーバーサイドコマンドの一覧を実行し、実行結果を返します。
            </ja>
            </summary>
            <param name="serverCommandName"><cn>服务端命令的名称。</cn><ja>サーバーサイドコマンドの名前</ja></param>
            <param name="dataContext"><cn>执行服务端命令的上下文。</cn><ja>サーバーサイドコマンドが実行されるコンテキスト</ja></param>
            <returns></returns>
        </member>
        <member name="M:GrapeCity.Forguncy.Commands.IServerCommandExecuteContext.ExecuteServerCommandsAsync(System.String,GrapeCity.Forguncy.Commands.IServerCommandExecuteContext)">
            <summary>
            <cn>
            执行服务端命令列表并返回执行结果。
            </cn>
            <ja>
            サーバーサイドコマンドの一覧を非同期で実行し、実行結果を返します。
            </ja>
            </summary>
            <param name="serverCommandName"><cn>服务端命令的名称。</cn><ja>サーバーサイドコマンドの名前</ja></param>
            <param name="dataContext"><cn>执行服务端命令的上下文。</cn><ja>サーバーサイドコマンドが実行されるコンテキスト</ja></param>
            <returns></returns>
        </member>
        <member name="P:GrapeCity.Forguncy.Commands.IServerCommandExecuteContext.UserInfos">
            <summary>
            <cn>
            用于操作用户的上下文环境。
            </cn>
            <ja>
            ユーザーの管理に使用されるコンテキスト
            </ja>
            </summary>
        </member>
        <member name="P:GrapeCity.Forguncy.Commands.IServerCommandExecuteContext.Log">
            <summary>
            <cn>
            用于记录日志的上下文环境。
            </cn>
            <ja>
            ログを記録するために使用されるコンテキスト
            </ja>
            </summary>
        </member>
        <member name="P:GrapeCity.Forguncy.Commands.IServerCommandExecuteContext.CurrentServerCommandName">
            <summary>
            <cn>
            服务端命令的名称。
            </cn>
            <ja>
            サーバーコマンドの名前
            </ja>
            </summary>
        </member>
        <member name="P:GrapeCity.Forguncy.Commands.IServerCommandExecuteContext.AppBaseUrl">
            <summary>
            <cn>
            应用的Base Url。
            </cn>
            <ja>
            アプリケーションのベースURL
            </ja>
            </summary>
        </member>
        <member name="P:GrapeCity.Forguncy.Commands.IServerCommandExecuteContext.AppLocalBaseUrl">
            <summary>
            <cn>
            应用的本地Base Url。
            </cn>
            </summary>
        </member>
        <member name="P:GrapeCity.Forguncy.Commands.IServerCommandExecuteContext.AppFolder">
            <summary>
            应用的目录
            </summary>
        </member>
        <member name="P:GrapeCity.Forguncy.Commands.IServerCommandExecuteContext.ServiceProvider">
            <summary>
             服务提供者
            </summary>
        </member>
        <member name="P:GrapeCity.Forguncy.Commands.IServerCommandExecuteContext.CacheService">
            <summary>
            缓存服务
            </summary>
        </member>
        <member name="M:GrapeCity.Forguncy.Commands.IServerCommandExecuteContext.UpdateConditionAsync(System.Object,System.Collections.Generic.Dictionary{System.String,System.Object},GrapeCity.Forguncy.Plugin.NullFormulaValueQueryPolicy)">
            <summary>
            
            </summary>
        </member>
        <member name="P:GrapeCity.Forguncy.Commands.IServerCommandExecuteContext.CurrentUserName">
            <summary>
            当前登陆用户名称
            </summary>
        </member>
        <member name="P:GrapeCity.Forguncy.Commands.IServerCommandExecuteContext.RequestId">
            <summary>
            请求ID
            </summary>
        </member>
        <member name="M:GrapeCity.Forguncy.Commands.IServerCommandExecuteContext.GetServerCommandList(System.String)">
            <summary>
            通过服务端命令名称，获取命令列表
            </summary>
        </member>
        <member name="M:GrapeCity.Forguncy.Commands.IServerCommandExecuteContext.LoginAsync(System.String,System.Boolean)">
            <summary>
            登录
            </summary>
        </member>
        <member name="M:GrapeCity.Forguncy.Commands.IServerCommandExecuteContext.GetBindingDataSourceValueAsync(System.Object)">
            <summary>
            获取数据库数据。
            </summary>
            <param name="bindingDataSource">数据库查询对象，标注了BindingDataSourcePropertyAttribute属性的值</param>
            <returns>数据库查询结果</returns>
        </member>
        <member name="T:GrapeCity.Forguncy.Commands.EmailSetting">
            <summary>
            <cn>
            发送邮件设置。
            </cn>
            <ja>
            メール送信の設定
            </ja>
            </summary>
        </member>
        <member name="P:GrapeCity.Forguncy.Commands.EmailSetting.FromAddress">
            <summary>
            <cn>
            发件人地址。
            </cn>
            <ja>
            差出人のメールアドレス
            </ja>
            </summary>
        </member>
        <member name="T:GrapeCity.Forguncy.Commands.ILog">
            <summary>
            <cn>
            提供打印日志的方法。
            </cn>
            <ja>
            ログを出力する方法を提供します。
            </ja>
            </summary>
        </member>
        <member name="M:GrapeCity.Forguncy.Commands.ILog.AppendLine(System.String,System.String[])">
            <summary>
            <cn>
            追加一行日志。
            </cn>
            <ja>
            ログの行を追加します。
            </ja>
            </summary>
            <param name="content"><cn>日志模板内容。</cn><ja>ログテンプレートの内容</ja></param>
            <param name="args"><cn>日志模板对应参数。</cn><ja>ログテンプレート内容のパラメータ</ja></param>
        </member>
        <member name="M:GrapeCity.Forguncy.Commands.ILog.AppendLine(System.String,GrapeCity.Forguncy.Commands.LogLevel,System.String[])">
            <summary>
            <cn>
            追加一行日志。
            </cn>
            <ja>
            ログの行を追加します。
            </ja>
            </summary>
            <param name="content"><cn>日志模板内容。</cn><ja>ログテンプレートの内容</ja></param>
            <param name="logLevel"><cn>日志详细程度。</cn><ja>ログの詳細レベル</ja></param>
            <param name="args"><cn>日志模板对应参数。</cn><ja>ログテンプレート内容のパラメータ</ja></param>
        </member>
        <member name="M:GrapeCity.Forguncy.Commands.ILog.AppendLine(System.String,GrapeCity.Forguncy.Commands.LogLevel,System.Boolean,System.String[])">
            <summary>
            <cn>
            追加一行日志。
            </cn>
            <ja>
            ログの行を追加します。
            </ja>
            </summary>
            <param name="content"><cn>日志模板内容。</cn><ja>ログのテンプレートの内容</ja></param>
            <param name="logLevel"><cn>日志详细程度。</cn><ja>ログの詳細レベル</ja></param>
            <param name="truncatedExceed"><cn>是否截除超出1000个字符长度部分的内容。</cn><ja>長さが1000文字を超える部分を切り捨てるかどうかを指定します。</ja></param>
            <param name="args"><cn>日志模板对应参数。</cn><ja>ログテンプレートに対応するパラメーター。</ja></param>
        </member>
        <member name="M:GrapeCity.Forguncy.Commands.ILog.AppendLine(System.String,GrapeCity.Forguncy.Commands.LogLevel,System.Boolean,System.Boolean,System.String[])">
            <summary>
            <cn>
            追加一行日志。
            </cn>
            <ja>
            ログの行を追加します。
            </ja>
            </summary>
            <param name="content"><cn>日志模板内容。</cn><ja>ログのテンプレートの内容</ja></param>
            <param name="logLevel"><cn>日志详细程度。</cn><ja>ログの詳細レベル</ja></param>
            <param name="truncatedExceed"><cn>是否截除超出1000个字符长度部分的内容。</cn><ja>長さが1000文字を超える部分を切り捨てるかどうかを指定します。</ja></param>
            /// <param name="skipContentTrim"><cn>是否将content的缩进trim并重新排列。</cn><ja>contentのインデントをtrimにいれ入れてならべかえる並べ替えるか。</ja></param>
            <param name="args"><cn>日志模板对应参数。</cn><ja>ログテンプレートに対応するパラメーター。</ja></param>
        </member>
        <member name="M:GrapeCity.Forguncy.Commands.ILog.GetLog">
            <summary>
            <cn>
            获取日志内容。
            </cn>
            <ja>
            ログの内容を取得します。
            </ja>
            </summary>
            <returns><cn>日志内容。</cn><ja>ログの内容</ja></returns>
        </member>
        <member name="M:GrapeCity.Forguncy.Commands.ILog.ClearLog">
            <summary>
            <cn>
            清除日志内容。
            </cn>
            <ja>
            ログの内容を消去します。
            </ja>
            </summary>
        </member>
        <member name="M:GrapeCity.Forguncy.Commands.ILog.IncreaseIndent">
            <summary>
            <cn>
            增加缩进。
            </cn>
            <ja>
            インデントを増やします。
            </ja>
            </summary>
        </member>
        <member name="M:GrapeCity.Forguncy.Commands.ILog.DecreaseIndent">
            <summary>
            <cn>
            减少缩进。
            </cn>
            <ja>
            インデントを減らします。
            </ja>
            </summary>
        </member>
        <member name="P:GrapeCity.Forguncy.Commands.ILog.LogLevel">
            <summary>
            <cn>
            日志详细程度。
            </cn>
            <ja>
            ログの詳細レベル。
            </ja>
            </summary>
        </member>
        <member name="T:GrapeCity.Forguncy.Commands.LogLevel">
            <summary>
            <cn>
            日志详细程度。
            </cn>
            <ja>
            ログの詳細レベル。
            </ja>
            </summary>
        </member>
        <member name="F:GrapeCity.Forguncy.Commands.LogLevel.None">
            <summary>
            <cn>
             无日志。
            </cn>
            <ja>
            ログを出力しない
            </ja>
            </summary>
        </member>
        <member name="F:GrapeCity.Forguncy.Commands.LogLevel.Simple">
            <summary>
            <cn>
            简单等级。
            </cn>
            <ja>
            シンプル
            </ja>
            </summary>
        </member>
        <member name="F:GrapeCity.Forguncy.Commands.LogLevel.Normal">
            <summary>
            <cn>
            普通等级。
            </cn>
            <ja>
            標準
            </ja>
            </summary>
        </member>
        <member name="F:GrapeCity.Forguncy.Commands.LogLevel.Detail">
            <summary>
            <cn>
            详细记录日志。
            </cn>
            <ja>
            詳細
            </ja>
            </summary>
        </member>
        <member name="T:GrapeCity.Forguncy.Commands.IUpdateDatabaseCommand">
            <summary>
            <cn>
            提供更新数据库的方法。
            </cn>
            <ja>
            データベースを更新する手段を提供します。
            </ja> 
            </summary>
        </member>
        <member name="M:GrapeCity.Forguncy.Commands.IUpdateDatabaseCommand.GetUpdatingDatabaseConnectionStrings(GrapeCity.Forguncy.Commands.IServerCommandExecuteContext)">
            <summary>
            <cn>
            从服务端命令上下文环境获取待更新数据库的连接字符串数组。
            </cn>
            <ja>
            サーバーサイドコマンドのコンテキストから更新するデータベースの接続文字列の配列を取得します。
            </ja> 
            </summary>
            <param name="context"><cn>执行服务端命令的上下文环境。</cn><ja>サーバーサイドコマンドが実行されるコンテキスト</ja></param>
            <returns><cn>待执行命令列表。</cn><ja>実行するコマンドの一覧</ja></returns>
        </member>
        <member name="T:GrapeCity.Forguncy.Commands.IExportHelper">
            <summary>
            <cn>
            提供导出相关的方法。
            </cn>
            <ja>
            エクスポート関連のメソッドを提供します。
            </ja>
            </summary>
        </member>
        <member name="M:GrapeCity.Forguncy.Commands.IExportHelper.ExportPageToExcel(GrapeCity.Forguncy.Commands.ExportPageToExcelSetting)">
            <summary>
            <cn>
            导出页面到Excel。
            </cn>
            <ja>
            ページをExcelにエクスポートします。
            </ja>  
            </summary>
            <param name="setting"><cn>导出页面到excel的相关设置。</cn><ja>ページをExcelにエクスポートするための関連設定</ja></param>
            <returns><cn>导出的excel文件的文件流。</cn><ja>エクスポートされたExcelファイルのファイルストリーム</ja></returns>
        </member>
        <member name="M:GrapeCity.Forguncy.Commands.IExportHelper.ExportPageToPDF(GrapeCity.Forguncy.Commands.ExportPageToPdfSetting)">
            <summary>
            <cn>
            导出页面到PDF。
            </cn>
            <ja>
            ページをPDFにエクスポートします。
            </ja>   
            </summary>
            <param name="setting"><cn>导出页面到pdf的相关设置。</cn><ja>ページをPDFにエクスポートするための関連設定</ja></param>
            <returns><cn>导出的PDF文件的文件流。</cn><ja>エクスポートされたPDFファイルのファイルストリーム</ja></returns>
        </member>
        <member name="M:GrapeCity.Forguncy.Commands.IExportHelper.ExportPageToHtml(GrapeCity.Forguncy.Commands.ExportPageToHtmlSetting)">
            <summary>
            <cn>
            导出页面到Html。
            </cn>
            <ja>
            Export page to html
            </ja>   
            </summary>
            <param name="setting"><cn>导出页面到Html的相关设置。</cn><ja>Settings for export to html</ja></param>
            <returns><cn>导出的Html文件的文件流。</cn><ja>Stream of result html</ja></returns>
        </member>
        <member name="T:GrapeCity.Forguncy.Commands.ISwitchParameterScope">
            <summary>
             Internal use
            </summary>
        </member>
        <member name="M:GrapeCity.Forguncy.Commands.ISwitchParameterScope.Push">
            <summary>
             Internal use 
            </summary>
        </member>
        <member name="M:GrapeCity.Forguncy.Commands.ISwitchParameterScope.Pop">
            <summary>
             Internal use 
            </summary>
        </member>
        <member name="T:GrapeCity.Forguncy.Commands.ExportPageSettingBase">
            <summary>
            <cn>
            导出页面相关设置。
            </cn>
            <ja>
            ページ関連の設定をエクスポートします。
            </ja> 
            </summary>
        </member>
        <member name="P:GrapeCity.Forguncy.Commands.ExportPageSettingBase.PageName">
            <summary>
            <cn>
            导出页面的名称。
            </cn>
            <ja>
            エクスポートするページの名前
            </ja>   
            </summary>
        </member>
        <member name="P:GrapeCity.Forguncy.Commands.ExportPageSettingBase.ListViewCurrentRowInfos">
            <summary>
            <cn>
            导出页面的各表格的当前行设置，可正确导出绑定字段及字表的数据。
            </cn>
            <ja>
            リストビューのカレントレコードの設定により、データ連結されたセル、もしくは詳細リストビューのデータを正しくエクスポートできます。
            </ja> 
            </summary>
        </member>
        <member name="P:GrapeCity.Forguncy.Commands.ExportPageSettingBase.CellValueInfos">
            <summary>
            <cn>
            导出页面的单元格的名称设置，可正确导出变更之后的单元格的数据。
            </cn>
            <ja>
            エクスポートページでセル名を設定して、変更したセルのデータを正しくエクスポートできます。
            </ja>   
            </summary>
        </member>
        <member name="T:GrapeCity.Forguncy.Commands.ExportPageToExcelSetting">
            <summary>
            <cn>
            导出页面到Excel相关设置。
            </cn>
            <ja>
            Excelにページをエクスポートするための設定
            </ja> 
            </summary>
        </member>
        <member name="P:GrapeCity.Forguncy.Commands.ExportPageToExcelSetting.MultiSheetModel">
            <summary>
            <cn>
            是否导出到多个工作表。
            </cn>
            <ja>
            複数のワークシートにエクスポートするかどうかを表します。
            </ja>
            </summary>
        </member>
        <member name="P:GrapeCity.Forguncy.Commands.ExportPageToExcelSetting.ExportFormula">
            <summary>
            <cn>
            是否导出formula。
            </cn>
            <ja>
            数式をエクスポートするかどうかを表します。
            </ja>  
            </summary>
        </member>
        <member name="P:GrapeCity.Forguncy.Commands.ExportPageToExcelSetting.Password">
            <summary>
            <cn>
            导出Excel所需密码
            </cn>
            <en>
            Password for exporting Excel files
            </en>  
            </summary>
        </member>
        <member name="T:GrapeCity.Forguncy.Commands.ExportPageToPdfSetting">
            <summary>
            <cn>
            导出页面到PDF相关设置。
            </cn>
            <ja>
            ページをPDF関連の設定にエクスポートします。
            </ja> 
            </summary>
        </member>
        <member name="P:GrapeCity.Forguncy.Commands.ExportPageToPdfSetting.AutoFitRowHeight">
            <summary>
            <cn>
            文字内容过多时，是否自动调整行高以确保显示所有文字。
            </cn>
            <ja>
            テキストが多すぎる場合、すべてのテキストが表示されるように行の高さを自動的に調整するかどうかを表します。
            </ja>   
            </summary>
        </member>
        <member name="T:GrapeCity.Forguncy.Commands.ExportRepeatPageToPdfSetting">
            <summary>
            <cn>
            导出页面为表单页，多条记录导出设置
            </cn>
            </summary>
        </member>
        <member name="P:GrapeCity.Forguncy.Commands.ExportRepeatPageToPdfSetting.SqlCondition">
            <summary>
            查询条件
            </summary>
        </member>
        <member name="P:GrapeCity.Forguncy.Commands.ExportRepeatPageToPdfSetting.TableName">
            <summary>
            表名
            </summary>
        </member>
        <member name="P:GrapeCity.Forguncy.Commands.ExportRepeatPageToPdfSetting.NullFormulaValueQueryPolicy">
            <summary>
            空值查询策略
            </summary>
        </member>
        <member name="P:GrapeCity.Forguncy.Commands.ExportRepeatPageToPdfSetting.IsFormPage">
            <summary>
            是否是表单页
            </summary>
        </member>
        <member name="T:GrapeCity.Forguncy.Commands.ExportPageToHtmlSetting">
            <summary>
            <cn>
            导出页面到HTML相关设置。
            </cn>
            <ja>
            Setting for export page to html
            </ja> 
            </summary>
        </member>
        <member name="T:GrapeCity.Forguncy.Commands.Command">
            <summary>
            <cn>
            命令类型插件的父类定义。
            </cn>
            <ja>
            コマンド型プラグインの親クラス定義
            </ja>
            </summary>
            <example>
            <code lang="CS">
            public class MyPluginCommand : Command
            {
                ...
            }
            </code>
            </example>
        </member>
        <member name="M:GrapeCity.Forguncy.Commands.Command.WillNavigateOrReload">
            <summary>
            <cn>
            该命令插件执行之后是否会跳转到其他页面或者刷新。
            如果返回True，运行页面时会提示用户该命令之后的命令有可能不执行，如跳转页面命令。
            </cn>
            <ja>
            コマンドプラグインが他のページに遷移するか、実行後に更新するかどうか。
            trueを返すと、ユーザーはページを実行するように指示され、ページ遷移コマンドのようにコマンドが実行されない可能性があります。
            </ja>
            </summary>
            <returns><cn>返回true表示该命令插件后续的命令会停止执行，返回false表示该命令插件执行不会影响后续命令的执行。</cn><ja>trueを返した場合、コマンド型プラグインの後続コマンドが実行を停止することを意味します。falseを返した場合、コマンドプラグインの実行が後続のコマンドの実行に影響しないことを示します。</ja></returns>
        </member>
        <member name="P:GrapeCity.Forguncy.Commands.Command.SupportConversionToPrivateServerCommand">
            <summary>
            是否支持转换为私有服务器命令
            </summary>
            <returns></returns>
        </member>
        <member name="M:GrapeCity.Forguncy.Commands.Command.ContainSubCommands">
            <summary>
            <cn>
            指定该命令插件是否包含子命令。
            包含子命令的有条件命令，循环命令等；不包含子命令的有跳转页面命令等。
            </cn>
            <ja>
            コマンド型プラグインにサブコマンドが含まれているかどうかを指定します。
            繰り返しコマンドや条件分岐コマンドなどはサブコマンドを含みます。ページ遷移コマンドはサブコマンドを含みません。
            </ja>
            </summary>
            <returns><cn>返回true表示包含子命令，否则不包含。</cn><ja>trueを返した場合、サブコマンドが含まれていることを意味し、そうでない場合は含まれません。</ja></returns>
        </member>
        <member name="M:GrapeCity.Forguncy.Commands.Command.Clone">
            <summary>
            <cn>
            克隆命令插件。
            </cn>
            <ja>
            コマンドプラグインをクローンを作成します。
            </ja>
            </summary>
            <returns><cn>返回克隆后的命令。</cn><ja>クローンされたコマンドを返します。</ja></returns>
        </member>
        <member name="M:GrapeCity.Forguncy.Commands.Command.ToString">
            <summary>
            <cn>
            命令插件的显示名称，默认与插件定义的类名一样。
            </cn>
            <ja>
            コマンドプラグインの表示名です。既定では、プラグインで定義されたクラス名と同じです。
            </ja>
            </summary>
            <returns><cn>返回在命令列表中该命令插件的显示名称。</cn><ja>コマンドリストのコマンドプラグインの表示名を返します。</ja></returns>
            <example>
            <code lang="CS">
            public class ShowMessageBoxCommand : Command
            {
                public override string ToString()
                {
                    return "<cn>消息框命令</cn><ja>メッセージの表示</ja>";
                }
            }
            </code>
            </example>
        </member>
        <member name="P:GrapeCity.Forguncy.Commands.Command.Comments">
            <summary>
            <cn>
            命令的注释。
            </cn>
            <ja>
            コマンドのコメント
            </ja>
            </summary>
        </member>
        <member name="P:GrapeCity.Forguncy.Commands.Command.Disabled">
            <summary>
            <cn>
            命令是否被禁用。
            </cn>
            <ja>
            コマンドが無効かどうか
            </ja>
            </summary>
        </member>
        <member name="M:GrapeCity.Forguncy.Commands.Command.GetCommandScope">
            <summary>
            <cn>
            指定命令插件的使用范围。
            </cn>
            <ja>
            コマンド型プラグインの使用範囲を指定します。
            </ja>
            </summary>
            <returns><cn>返回命令的使用范围。</cn><ja>コマンドの使用範囲を返します。</ja></returns>
            <example>
            <cn>
            示例请参照<see cref="T:GrapeCity.Forguncy.Commands.CommandScope"/>
            </cn>
            <ja>
            コード例については、<see cref="T:GrapeCity.Forguncy.Commands.CommandScope"/>を参照してください。
            </ja>
            </example>
        </member>
        <member name="M:GrapeCity.Forguncy.Commands.Command.InitDefaultPropertyValues">
            <summary>
            <cn>
            初始化默认属性值。
            </cn>
            <ja>
            既定のプロパティ値を初期化する。
            </ja>
            </summary>
            <example>
            <code lang="CS">
            public class CallStoredProcedureCommand : Command
            {
                public <![CDATA[List<string>]]> AllowAccessRoleList { get; set; } = new <![CDATA[List<string>]]>();
                
                public override void InitDefaultPropertyValues()
                {
                    AllowAccessRoleList = new <![CDATA[List<string>]]>() { DefaultRoleManager.FGC_LoginUser };
                }
            }
            </code>
            </example>
        </member>
        <member name="M:GrapeCity.Forguncy.Commands.Command.GetDesignerPropertyVisible(System.String,GrapeCity.Forguncy.Commands.CommandScope)">
            <summary>
            <cn>
            如果需要动态改变属性编辑器的可见性，可以重写该函数。
            </cn>
            <ja>
            プロパティエディタの表示を動的に変更する必要がある場合は、この関数をオーバーライドします。
            </ja>
            </summary>
            <param name="propertyName"><cn>属性名</cn><ja>プロパティ名</ja></param>
            <param name="commandScope"><cn>CommandScope</cn><ja>CommandScope</ja></param>
            <returns><cn>返回True表示属性编辑器可见，否则不可见。</cn><ja>Trueを返すと、プロパティエディタが表示されます。それ以外の場合は表示されません。</ja></returns>
            <example>
            <code lang="CS">
            public class MenuCellType: CellType
            {
                public Orientation Orientation { get; set; }
                
                public ExpandStyle DefaultExpandStyle { get; set; }
            
                public override bool GetDesignerPropertyVisible(string propertyName)
                {
                    if (propertyName == "DefaultExpandStyle")  
                    {
                        if (Orientation == MenuOrientation.Horizontal)  //<cn>如果是水平方向的菜单隐藏默认展开方式。</cn><ja>メニューが水平方向に配置されている場合は、既定の展開モードを非表示にします。</ja>
                        {
                            return false;
                        }
                        return true;
                    }
                    return base.GetDesignerPropertyVisible(propertyName);
                }
            }
            </code>
            </example>
        </member>
        <member name="P:GrapeCity.Forguncy.Commands.Command.DisplayName">
            <summary>
             Internal use
            </summary>
        </member>
        <member name="T:GrapeCity.Forguncy.Commands.IContainSubCommands">
            <summary>
            <cn>
            迭代当前命令的子命令，用于查找替换。
            </cn>
            <ja>
            検索と置換のために現在のコマンドのサブコマンドを繰り返します。
            </ja> 
            </summary>
        </member>
        <member name="M:GrapeCity.Forguncy.Commands.IContainSubCommands.EnumSubCommands">
            <summary>
            <cn>
            迭代子命令列表。
            </cn>
            <ja>
            サブコマンドのリストを反復処理します。
            </ja>  
            </summary>
            <returns><cn>子命令迭代器。</cn><ja>反復処理をサポートするサブコマンドリストの列挙子オブジェクト</ja></returns>
        </member>
        <member name="T:GrapeCity.Forguncy.Commands.ISubListCommand">
            <summary>
            <cn>
            如果命令包含子命令(例如循环命令)，则需要实现该接口。
            </cn>
            <ja>
            コマンドにサブコマンド（繰り返しコマンドなど）が含まれている場合、このインターフェイスを実装する必要があります。
            </ja> 
            </summary>
        </member>
        <member name="P:GrapeCity.Forguncy.Commands.ISubListCommand.CommandList">
            <summary>
            <cn>
            子命令列表。
            </cn>
            <ja>
            サブコマンドのリスト
            </ja> 
            </summary>
        </member>
        <member name="T:GrapeCity.Forguncy.Commands.IContainsLinkListCommands">
            <summary>
            Internal use.
            </summary>
        </member>
        <member name="M:GrapeCity.Forguncy.Commands.IContainsLinkListCommands.EnumAllNodesExceptHead">
            <summary>
            Internal use.
            </summary>
            <returns></returns>
        </member>
        <member name="T:GrapeCity.Forguncy.Commands.IPasteCommand">
            <summary>
            Internal use.
            </summary>
        </member>
        <member name="M:GrapeCity.Forguncy.Commands.IPasteCommand.PasteCommand(GrapeCity.Forguncy.Commands.IPasteCommandContext)">
            <summary>
            Internal use.
            </summary>
            <returns></returns>
        </member>
        <member name="T:GrapeCity.Forguncy.Commands.IPasteCommandContext">
            <summary>
            Internal use.
            </summary>
        </member>
        <member name="P:GrapeCity.Forguncy.Commands.IPasteCommandContext.Source">
            <summary>
            Command's scope paste from.
            </summary>
        </member>
        <member name="P:GrapeCity.Forguncy.Commands.IPasteCommandContext.Target">
            <summary>
            Command's scope paste to.
            </summary>
        </member>
        <member name="P:GrapeCity.Forguncy.Commands.IPasteCommandContext.VariableNamesInTarget">
            <summary>
            All variable names from target command list. 
            </summary>
            <returns></returns>
        </member>
        <member name="T:GrapeCity.Forguncy.Commands.CommandSupportUsingScopeAttribute">
            <summary>
            <cn>
            命令类型的插件或其内部属性所支持的使用范围，如果不指定默认所有页面及表格都支持。
            </cn>
            <ja>
            </ja>
            </summary>
            <example>
            <code lang="CS">
            [CommandSupportUsingScopeAttribute(PageScope.NormalPCPage)]  /*<cn>支持普通PC页面。</cn><ja></ja>*/
            public class MyCommand : <see cref="T:GrapeCity.Forguncy.Commands.Command"/>
            {
            }
            </code>
            </example>
        </member>
        <member name="M:GrapeCity.Forguncy.Commands.CommandSupportUsingScopeAttribute.#ctor(GrapeCity.Forguncy.Commands.CommandPageScope)">
            <summary>
            <cn>
            构造函数。
            </cn>
            <ja>
            コンストラクタ
            </ja>
            </summary>
            <param name="pageScope"><cn>插件所支持的页面使用范围。</cn><ja>プラグインがサポートするページの種類。</ja></param>
        </member>
        <member name="P:GrapeCity.Forguncy.Commands.CommandSupportUsingScopeAttribute.PageScope">
            <summary>
            <cn>
            页面的使用范围。
            </cn>
            <ja>
            ページの使用範囲。
            </ja>
            </summary>
        </member>
        <member name="T:GrapeCity.Forguncy.Commands.CommandPageScope">
            <summary>
            <cn>
            命令类型插件或其内部属性所支持的页面使用范围。
            </cn>
            <ja>
            </ja>
            </summary>
        </member>
        <member name="F:GrapeCity.Forguncy.Commands.CommandPageScope.None">
            <summary>
            <cn>
            所有页面都不支持。
            </cn>
            <ja>
            すべてのページはサポートされません。
            </ja>
            </summary>
        </member>
        <member name="F:GrapeCity.Forguncy.Commands.CommandPageScope.NormalPCPage">
            <summary>
            <cn>
            只支持普通PC页面。
            </cn>
            <ja>
            通常の（PC向け）ページのみがサポートされます。
            </ja>
            </summary>
        </member>
        <member name="F:GrapeCity.Forguncy.Commands.CommandPageScope.NormalMobilePage">
            <summary>
            <cn>
            只支持普通手机页面。
            </cn>
            <ja>
            モバイルページのみがサポートされます。
            </ja>
            </summary>
        </member>
        <member name="F:GrapeCity.Forguncy.Commands.CommandPageScope.MasterPCPage">
            <summary>
            <cn>
            只支持PC母版页。
            </cn>
            <ja>
            （PC向け）マスターページのみがサポートされます。
            </ja>
            </summary>
        </member>
        <member name="F:GrapeCity.Forguncy.Commands.CommandPageScope.MasterMobilePage">
            <summary>
            <cn>
            只支持手机母版页。
            </cn>
            <ja>
            モバイルマスターページのみがサポートされます。
            </ja>
            </summary>
        </member>
        <member name="F:GrapeCity.Forguncy.Commands.CommandPageScope.TemplatePCPage">
            <summary>
            <cn>
            支持模板页面。
            </cn>
            <ja>
            リピーター型セルのテンプレートページのみがサポートされています。
            </ja>
            </summary>
        </member>
        <member name="F:GrapeCity.Forguncy.Commands.CommandPageScope.TemplateMobilePage">
            <summary>
            <cn>
            支持手机模板页面。
            </cn>
            <ja>
            モバイルページにおけるリピーター型セルのテンプレートページのみがサポートされています。
            </ja>
            </summary>
        </member>
        <member name="F:GrapeCity.Forguncy.Commands.CommandPageScope.AllPCPage">
            <summary>
            <cn>
            支持普通PC页面和PC母版页在内的所有PC页面。
            </cn>
            <ja>
            通常の（PC向け）ページや（PC向け）マスターページなど、すべてのPC向けのページをサポートします。
            </ja>
            </summary>
        </member>
        <member name="F:GrapeCity.Forguncy.Commands.CommandPageScope.AllMobilePage">
            <summary>
            <cn>
            支持普通手机页面和手机母版页在内的所有手机页面。
            </cn>
            <ja>
            通常のモバイルページやモバイルマスターページなど、すべてのモバイル向けページをサポートします。
            </ja>
            </summary>
        </member>
        <member name="F:GrapeCity.Forguncy.Commands.CommandPageScope.AllNormalPage">
            <summary>
            <cn>
            支持普通PC页面和普通手机页面在内的所有普通页面。
            </cn>
            <ja>
            通常の（PC向け）ページや通常のモバイルページなど、すべての通常ページをサポートします。
            </ja>
            </summary>
        </member>
        <member name="F:GrapeCity.Forguncy.Commands.CommandPageScope.AllMasterPage">
            <summary>
            <cn>
            支持PC母版页和手机母版页在内的所有母版页。
            </cn>
            <ja>
            （PC向け）マスターページやモバイルマスターページなど、すべてのマスターページをサポートします。
            </ja>
            </summary>
        </member>
        <member name="F:GrapeCity.Forguncy.Commands.CommandPageScope.AllTemplatePage">
            <summary>
            <cn>
            支持PC模板页和手机模板页在内的所有模板页。
            </cn>
            <ja>
            通常の（PC向け）ページとモバイルページにおけるすべてのリピーター型セルのテンプレートページをサポートします。
            </ja>
            </summary>
        </member>
        <member name="F:GrapeCity.Forguncy.Commands.CommandPageScope.AllPage">
            <summary>
            <cn>
            支持所有类型页面。
            </cn>
            <ja>
            すべての種類のページをサポートします。
            </ja>
            </summary>
        </member>
        <member name="T:GrapeCity.Forguncy.Commands.CustomCommandObjectAttribute">
            <summary>
            通过标注此属性给单元格或命令声明自定义命令
            被标注的属性应该是 object类型
            </summary>
        </member>
        <member name="M:GrapeCity.Forguncy.Commands.CustomCommandObjectAttribute.#ctor">
            <summary>
              构造函数
            </summary>
        </member>
        <member name="P:GrapeCity.Forguncy.Commands.CustomCommandObjectAttribute.InitParamProperties">
            <summary>
            如果有上下文参数，可以通过此属性声明，如果有多个上下文参数，可用“|”分隔
            </summary>
        </member>
        <member name="P:GrapeCity.Forguncy.Commands.CustomCommandObjectAttribute.InitParamValues">
            <summary>
            指定上下文参数的引用值，通常为中文，如果有多个上下文参数，可用“|”分隔
            </summary>
        </member>
        <member name="P:GrapeCity.Forguncy.Commands.CustomCommandObjectAttribute.ParameterDescriptions">
            <summary>
            指定上下文参数的描述，格式如下"value:表示可以使用的值|text:表示显示时的文本，策略为..."
            </summary>
        </member>
        <member name="P:GrapeCity.Forguncy.Commands.CustomCommandObjectAttribute.BindingDataSourceWithCustomColumnsPropertyName">
            <summary>
            绑定数据源属性的名称
            </summary>
        </member>
        <member name="M:GrapeCity.Forguncy.Commands.CustomCommandObjectAttribute.GetParameters(System.Object)">
            <summary>
             此函数的默认实现是返回InitParamProperties，InitParamValues属性通过“|”拆分后生成的字典，可以通过重写此函数生成动态的上下文参数
            </summary>
            <returns>上下文参数字典</returns>
        </member>
        <member name="M:GrapeCity.Forguncy.Commands.CustomCommandObjectAttribute.GetParameterDescriptions">
            <summary>
             此函数的默认实现是返回ParameterDescriptions属性通过“|”拆分后,再用“:”拆分生成的字典，可以通过重写此函数生成动态上下文参数描述
            </summary>
            <returns>上下文参数描述</returns>
        </member>
        <member name="M:GrapeCity.Forguncy.Commands.CustomCommandObjectAttribute.GetParameterRecommendValues">
            <summary>
            返回上下文参数的可选值列表
            </summary>
            <returns></returns>
        </member>
        <member name="T:GrapeCity.Forguncy.Commands.CustomCommandObject">
            <summary>
            自定义命令对象
            </summary>
        </member>
        <member name="P:GrapeCity.Forguncy.Commands.CustomCommandObject.Commands">
            <summary>
            命令列表
            </summary>
        </member>
        <member name="P:GrapeCity.Forguncy.Commands.CustomCommandObject.ParamProperties">
            <summary>
            上下文参数列表
            </summary>
        </member>
        <member name="M:GrapeCity.Forguncy.Commands.CustomCommandObject.Clone">
            <summary>
            Clone方法
            </summary>
            <returns></returns>
        </member>
        <member name="T:GrapeCity.Forguncy.Commands.ResultToPropertyAttribute">
            <summary>
            <para><cn>声明属性的值表示命令执行后存入变量的变量名称。</cn><ja>Indicate the value of property is the name of variable to save result of command.</ja></para>
            </summary>
            <example>
            <code lang="CS">
            public class GetInfoCommand : Command
            {
                [ResultRoProperty]
                public string ResultTo { get; set; }
            }
            </code>
            </example>
        </member>
        <member name="P:GrapeCity.Forguncy.Commands.ResultToPropertyAttribute.CommandScope">
            <summary>
            <cn>用于指定这个结果值起作用的命令范围。</cn><ja>Indicate the command scope that this variable take effect.</ja>
            </summary>
        </member>
    </members>
</doc>
